id,lastname,firstname,sex,street_number,street_name,city,postcode,region
d219699c-73dc-49dd-8382-cc2199ee41e6,ZACHARIAS,Tracie,female,137,E CARLISLE LN,PALOMINAS,85615,Wyoming
7594dcff-b291-4d6c-801c-ceb30fa639a1,BROOKSTEIN,Clementine,female,204,S 650  E,HEBER CITY,84032,Utah
14099344-8d0e-40f3-b58c-396c9dd4cf52,YLIANTTILA,Betty,male,191,E CLINE AVE,PALOMINAS,85615,Washington
64e9579b-fa8b-4f14-9ddd-db76dda227ed,ENGELBRACHT,Armani,male,407,WAKATAK RD, , ,Washington
1fecd3e9-e61b-4fca-8bfa-5732803c26a3,EIYNCK,Rosa,male,438,E DESERT MEADOW RD,TOMBSTONE,85638,Nevada
1a446ded-1eec-4faa-8c67-e984568f7eec,WILCOXON,Hosie,male,492,W BAKER AVE,AVONDALE,85392,New Mexico
b54cb97e-11fd-4c60-956d-b72f1821ec13,ILLI,Fabian,male,353,C CT,ENUMCLAW,98022,Washington
c0a3deb2-d54e-48fc-80a6-167ee9805f4f,DOWDS,Theadore,male,377,W SALTER DR,PEORIA,85382,Utah
d5604188-2abb-4574-9cb3-ce3ef07c459a,KOHLOFF,Caitlyn,female,348,S CENTER ST,MESA,85210,Montana
8b271602-233b-4581-b3de-72b6d1353ff0,KARPENKO WILMAN,Dayana,female,153,HILLCREST CT,BERKELEY,94705,California
5f486d72-de51-426f-a2bc-04c51794a365,BIRKNER,Penelope,female,388,N 86TH DR,PHOENIX,85037,Arizona
4d7a3407-a886-41ef-b7f7-e0bcfcaafb2b,RATSCH,Spencer,male,33,E COVEY LN,PHOENIX,85024,California
60de4fdb-96d0-433f-aa97-b7a0943ba064,MOȚ,Shaneka,female,469,N PALM DR,TEMPE,85281,New Mexico
d59f1d3e-5eb7-4cd4-b68a-e96e3e873ba2,DIB ASHUR,Cleva,female,368,W VIA JAVELINA,BENSON,85602,Wyoming
f04668d3-f3ab-4095-8672-75a4f28dec6d,BUFF,Larry,male,281,N STAGECOACH PASS,PAYSON,85541,Arizona
e69661a8-48e8-4974-b611-27e8a8802661,NOWISZ,Jessika,female,425,W LODGE DR,TEMPE,85283,Arizona
a464624f-3c5b-406a-bbac-ffbbac64e699,BERGUES CABRALES,Parrish,male,51,Treasure Mountain Lp,Driggs,83422,Idaho
d8ea840e-d315-4d85-84c0-6c8eeb34d758,MINKA,Khalil,male,176,W BEACON LN,WITTMANN,85361,Colorado
938a8755-8f3d-4aac-8c9a-4bacc382398c,NUEST,Cathi,female,261,W DARREL RD,LAVEEN,85339,Arizona
92792633-e6f0-482d-a24a-5064358390af,TEALDI BALDOR,Jorja,female,323,N ALTA MESA,MESA,85205,Colorado
3370cc1f-0406-4bfa-9d17-68915f4c5e75,ECHEMENDIA,Norris,male,325,N MERIDIAN RD,APACHE JUNCTION,85220,Arizona
e53d2916-2696-425a-ad04-eaa95247456e,STAURINI,Stevie,male,97,N BAYLOR DR,FOUNTAIN HILLS,85268,Utah
eeb0281b-83c8-4670-8a94-0a23345ef517,IVANIER,Corrine,female,160,MIDDLE WAY,BOZEMAN,59718,Montana
6710344c-f523-41e4-88b9-2b7175d3de57,WARTER,Lucie,female,88,W CLEARVIEW TR,PHOENIX,85086,Arizona
8a5a5fb8-9b24-4394-84d1-8b591d96cbef,SÁNCHEZ DIAZ,Lutie,female,112,E RAMONA AVE,MESA,85212,California
9e46609b-9d9b-4324-b0cc-7d0af0546b67,FURNIA,Tena,female,383,E LANTANA PL,CHANDLER,85286,Hawaii
5d30427d-d911-4778-b870-c76b2066dd54,BLÜMEL,Clemie,female,140,N LESEMANN TRL,FAIRBANKS,85616,Arizona
630393e6-2078-4bdd-a854-ec23fb673e4a,OREJUDO,Domenico,male,428,N ED WEST RD,TOMBSTONE,85638,Nevada
ee4317bf-3ebf-4090-974b-0067081a8f4e,COURANT,Dellie,female,488,E HOLLYHOCK LN,HEREFORD,85615,California
686f0e3d-7234-4860-b2bc-0f5855cc195c,SULKEY,Ansel,male,379,E BRIARWOOD TER,PHOENIX,85048,Montana
c375ef27-f2ca-484e-8357-97bdc54fa43c,ULI,Chessie,female,283,WILLIS LN,ALAMEDA,94502,California
56473d35-e5a7-44c4-8e54-73dc82eec0a2,SŁUPECKI,Scottie,male,179,VIENNA DR,HELENA,59602,Montana
18a75dab-6727-4a75-82e3-aff7cb855fea,MEGIVERN,Aaliyah,female,357,W PICERNE DR,SURPRISE,85378,California
3786553a-7c92-46c7-8fcd-4c98fb146348,FERINI,Tamela,female,33,S HUNTER CREEK DR,PAYSON,85541,Idaho
b5aff7a6-e488-4cfa-96f5-a674e5d4214c,OKUN,Dionne,female,35,W GABLE HILL DR,SUN CITY WEST,85375,Arizona
e5b030f5-66e5-43dd-ba8c-38762eb9da13,SIMPANEN,Garvin,male,16,S CALLAWAY DR,CHANDLER,85249,Colorado
124ca9d4-b3f8-40d5-baed-610251c87ab4,CHACON GIORGIO,Zilpha,female,483,W MONTE LINDO LN,SUN CITY WEST,85375,Montana
f85ba4ad-c1e2-4054-b2fe-825c826f0401,BERTINETTI,Agnes,male,125,N ST,BISBEE CITY AREA 1,85603,Oregon
d9fbf0a8-8823-4556-b527-f4d76ea0c466,RIVERO BERTI,Morgan,male,6,W OLNEY AVE,PHOENIX,85041,Utah
836eb60e-97d4-464c-8826-91e4e7da7f20,DAĞDELENLER,Maria,male,436,N IN BALANCE RANCH RD,FAIRBANKS,85616,Hawaii
e9c0d7c3-bbe8-482a-aea0-97efb0442b35,MROWIŃSKI,Sincere,male,199,S MAPLE LEAF ST,GLOBE,85501,Colorado
f60d7760-a781-44cb-b960-03fc4f53f385,LEDOUX,Victoria,female,119,N 134TH DR,LITCHFIELD PARK,85340,Colorado
5a63edbe-48ca-49ba-8b16-f50fa46ed18d,POJAR,Annalise,female,290,SE IRONWOOD PL,GRESHAM,97080,Oregon
8ec4b91f-6314-42bc-b631-84b5233e4fc5,GLADFELTER,Gussie,male,376,S ELLESMERE ST,GILBERT,85297,Idaho
6f8fcc1b-ab09-4abb-919c-df707fb2f410,CIBRIAN,Bruce,male,190,E FOX CIR,MESA,85203,Oregon
d6134a38-ccbf-49ed-abfb-89c9fe89779f,DOUNA,Shaniqua,female,66,E MELODY DR,PHOENIX,85042,Utah
