id,name,categories,price,weight
9918290e-b809-4364-a846-101a0f9aed3e,Aquarius Jimi Hendrix Playing Cards,Toys & Games | Games & Accessories | Card Games | Standard Playing Card Decks,73275.67,2.4
bdcac854-46b6-4a9a-8691-539e8335b42f,Daron F-22 Best Lock Construction Toy (80 Pieces),Toys & Games | Play Vehicles | Vehicle Playsets,10.95,0.32
be581a31-32e0-4dbd-ba13-b64e1f820cea,Busch 1046 Beer Garden Set HO Scale Scenery Kit,Toys & Games | Hobbies | Trains & Accessories | Accessories | Scenery,33.81,5.6
10d3806f-e5e7-4272-b703-76a33f6cb189,"Hampton Nautical Wooden Charles W. Morgan Model Whaling Boat, 15""",Toys & Games | Hobbies | Models & Model Kits | Model Kits | Watercraft Kits,12929.28,
cfb0ba84-a121-4bc3-895a-04dcab2238ea,Step2 Lifestyle Dream Kitchen | Plastic Toy Play Kitchen with 37-Pc Accessories Set | Contemporary Kids Kitchen Playset,Toys & Games | Dress Up & Pretend Play | Pretend Play | Kitchen Toys | Kitchen Playsets,437724.8,36.2
299d17ba-d32a-41d1-a4a6-b57accaf4f47,KidKraft Disney Ariel Undersea Kingdom Dollhouse with Ez Kraft Assembly,Toys & Games | Dolls & Accessories | Dollhouses,129.99,57.8
d4d81887-c6aa-4038-bd37-8b00f287f082,Small World Toys Fashion - Collectible Erasers Boutique,Toys & Games | Arts & Crafts | Drawing & Painting Supplies | Pencil Erasers,266697.82,1.35
1e832bf3-0a50-4bee-a59c-208a7c3ca382,"Aurora 10"" Minkies Panda",Toys & Games | Stuffed Animals & Plush Toys | Stuffed Animals & Teddy Bears,14.69,5.1
1d6878de-482d-4c7e-ab4a-d794db1d0d13,Rubie's Ben Cooper Hulk Mask Adult Costume,"Clothing, Shoes & Jewelry | Costumes & Accessories | Men | Masks",77371.2,10.1
26b46638-90cb-4aa2-988e-b642db01ebc5,Trends International Paisley - Clear with Glitter,Toys & Games | Arts & Crafts | Stickers,3.99,0.32
26bb1b2c-4d4f-40ee-b7cb-f6f95b1c8e0d,"Amscan Award Medal Ribbons, Party Favor",Toys & Games | Party Supplies | Party Favors,4.06,3.2
2f39d9f4-cde5-470d-8d53-018a88452733,Calico Critters Cosmetic Counter,Toys & Games | Dolls & Accessories | Doll Accessories,31.99,6.4
9a403f86-ecaa-42d6-bc5e-d3fdc9f7d9b3,McFarlane Toys Cyberpunk 2077 12-inch Scale Johnny Silverhand Deluxe Figure,Toys & Games | Toy Figures & Playsets | Action Figures,39.99,8.6
6f1e0bb6-9705-447c-b452-94347ad512e0,"Forum Novelties Union Officer Child's Costume, Medium","Clothing, Shoes & Jewelry | Costumes & Accessories | Kids & Baby | Boys | Costumes",21.07,12.8
122e8045-f25b-4dce-b453-35b7443c96f8,"Stephan Baby Plush Knotty Animal Security Blankie, Lamb","Baby Products | Baby Care | Pacifiers, Teethers & Teething Relief | Teethers",8.99,2.7
c26eb4c6-8fb4-4231-a681-0901358a26f9,Click N' Play 12 Piece Mini Stainless Steel Pots and Pans Cookware Pretend Playset with Play Food,Toys & Games | Dress Up & Pretend Play | Pretend Play,18.9,9.6
3de2cc1f-131c-4cee-b9df-1f8ac6b001a4,"Gigantosaurus Giganto Roar & Stomp Action Figure with Articulated Limbs, Dino Toy Stands 8.5"" Tall & 14"" Long, Dinosaur Toys with Sounds for Boys & Girls 3 Years Old & Up","Toys & Games | Collectible Toys | Statues, Bobbleheads & Busts | Statues",11.01,2.2
9b969694-bcf2-4d9c-a105-b1eea4b72228,"Testors TLACQUER-1832 Aerosol Lacquer Paint, 3-Ounce, Blazing Black",Toys & Games | Hobbies | Hobby Building Tools & Hardware | Paints,7.42,
4f8b401a-898d-4795-b65b-b871751d2d53,"Dimple Red RC Light Up Rechargeable Remote Controlled Acrobatic Flip Stunt Car for Boys and Girls with 360◦ Front Wheels for Flipping, Spinning and Racing, Lights Up & Music",Toys & Games | Kids' Electronics,14.98,1.35
239fa90d-f013-49f0-af38-83edfe49e1ac,Mastermind for Kids -- Codebreaking Game Plays on Three Levels,Toys & Games | Games & Accessories | Board Games,12.33,1.2
7ebefc4e-e0f7-4132-9f7f-1a995a251e20,Link Breath Of The Wild Deluxe Bow Set,"Clothing, Shoes & Jewelry | Costumes & Accessories | Kids & Baby | Boys | Accessories",409409.0,10.0
d4d2c80e-908c-40ab-aa5a-717c468ed1c8,Funko Pop! Keychains: Game of Thrones - Rhaegal,Sports & Outdoors | Outdoor Recreation | Cycling | Bikes,5.91,
b639b113-5e87-42b9-af70-aa4458a6c59a,Areaware Cubebot Small,Toys & Games | Puzzles | Brain Teasers | Assembly & Disentanglement Puzzles,28.92,2.0
bce7fcbb-1b40-4592-8bee-d3c021a8f3f4,EuroGraphics Starry Night by Vincent Van Gogh 100-Piece Puzzle,Toys & Games | Puzzles | Jigsaw Puzzles,98293.38,10.6
49a0a274-e752-467d-acf4-6b924efd8279,Disney 2-in-1 Battery-Powered Frozen Train with Caboose & Tracks,Toys & Games | Toy Figures & Playsets | Playsets & Vehicles | Playsets,99.99,19.75
1e1323ea-8a70-45c4-ac69-864114de6a74,"K2 Skate Mod 110 Inline Skates, Size 7.5, White/Red","Sports & Outdoors | Outdoor Recreation | Skates, Skateboards & Scooters | Inline & Roller Skating | Inline Skates",2373502.08,7.8
ec1c38fd-aab0-4bb4-8eb0-2a13e3d48355,"Funko Pop TV: Scrubs- Turk Toy, Multicolor",Toys & Games | Toy Figures & Playsets | Action Figures,10.71,7.2
548e2928-fa7f-477f-98da-9d8ee5e7be05,Award Winning Hape Stacking Veggies Kid's Wooden Skill Learning Game,Toys & Games | Baby & Toddler Toys | Sorting & Stacking Toys,26.99,1.75
6ba3cc60-87c4-4a89-ba2a-054aa6682377,"Marvel Legends Series Thor: Ragnarok 6""-Scale Movie-Inspired Grandmaster & Korg Collectible Action Figure 2 Pack",Toys & Games | Toy Figures & Playsets | Action Figures,24.87,1.1
db123da8-5633-4722-a99b-330fa27262e6,Redcat Racing 24031 Complete Truck Wheels For Sumo Rc (4Count),Toys & Games | Hobbies | Remote & App Controlled Vehicles & Parts | Remote & App Controlled Vehicle Parts | Wheels & Tires | Accessories,10.21,1.6
bcde2c77-bc91-4449-b9b8-2bf5899a2c79,"Crayola Glitter Glue Bulk, 20 Count Classpack, Washable Craft Glue, 5 Assorted Colors",Toys & Games | Arts & Crafts | Adhesives,12.35,7.3
ee384f7e-79e8-4039-b2a6-fc3983c8b95b,Redcat Racing Fuel Tank,Remote & App Controlled Vehicle Parts | Power Plant & Driveline Systems | Combustion Engines & Parts | Fuel System Parts,144302.08,
4d9beb02-ff89-4433-b358-43ec4de6f9d4,"MightySkins Skin Compatible with Yuneec H520-G Quadcopter Drone - Pink Trooper Storm | Protective, Durable, and Unique Vinyl wrap Cover | Easy to Apply, Remove, and Change Styles | Made in The USA",Toys & Games | Hobbies | Remote & App Controlled Vehicles & Parts | Remote & App Controlled Vehicles | Quadcopters & Multirotors,39.99,0.96
cf9dabe0-3ab3-4371-838f-3791d5a69844,Daron Ups Box Truck 1/50 Gwups001,Toys & Games | Play Vehicles | Die-Cast Vehicles,13.55,2.4
cb22fc79-e6d7-4826-8ee2-e68efed8d381,WowWee Fingerlings Baby Elephant - Nina (Pink) - Interactive Toy,Toys & Games | Puppets & Puppet Theaters | Finger Puppets,9.89,7.8
39439893-5845-4693-aa24-0ba77e73e68b,LEGO DUPLO My First Animal Brick Box 10863 Building Blocks (34 Pieces),Toys & Games | Building Toys | Building Sets,29.99,2.15
df04ed01-20a3-43ee-a0c1-2126f04a0dcc,"Barbie Fairytale Dress Up, Blonde (Packaging May Vary)",Toys & Games | Dolls & Accessories | Dolls,19.99,13.6
c474693c-714b-42c9-9c9a-c942cf37327b,"American Greetings 013051645144 Party Favor, 8-Count, Paper Tiaras",,6.03,2.4
2184433f-f2b3-4bc1-be36-491fb9952a97,"Glitter Girls Dolls by Battat - Nelly 14"" Poseable Fashion Doll - Dolls for Girls Age 3 & Up",Toys & Games | Dolls & Accessories | Dolls,111663.5,1.05
4a73c6fa-8156-46c1-a821-7f59f523b847,"Pacon Riverside 3D Construction Paper, White, 9"" x 12"", 50 Sheets Per Pack, 10 Packs","Arts, Crafts & Sewing | Crafting | Paper & Paper Crafts | Paper | Construction Paper",7.11,6.0
5ad6d1ec-dfbe-489a-8883-3e21f4dfeb25,Indie Boards and Cards Flash Point Fire Rescue 2nd Story,Toys & Games | Games & Accessories | Board Games,2263.49,1.19
dc8b4ff1-900e-4923-bf3b-f645c380657b,Melissa & Doug Vehicles Sound Blocks 6-in-1 Puzzle With Wooden Tray,Toys & Games | Puzzles | Pegged Puzzles,68451.48,
9225d550-b336-4630-ab0b-821741ea7cca,"12 White Vampire Fangs, Plastic Teeth, Costume Accessory Party Favors","Clothing, Shoes & Jewelry | Costumes & Accessories | Kids & Baby | Girls | Costumes",19225.2,2.4
fc385180-4f72-4093-accb-4fc9cf44ae2d,Family Feud Trivia Box Card Game,Toys & Games | Games & Accessories | Card Games | Collectible Card Games,20.0,
d7c1ddde-72a9-4acb-987c-7f248881c558,Fluxx 5.0 Card Game,Toys & Games | Games & Accessories | Card Games,14.99,
20c2003f-5d31-4fd0-b680-4ca63af7c9a3,Amscan Halloween Boo‑Yah! Yd Signs,Home & Kitchen | Kitchen & Dining | Bakeware | Decorating Tools | Wrapping & Packaging,9.89,11.2
b76a0c8b-01d9-4ec7-b354-d5858226723d,Funko Pop! Animation: Simpsons - Lisa-Saxophone,,5.99,3.52
b9944143-84c1-4018-a4a6-c307b6597444,"Rubie's DC Comics Justice League Superhero Style Teen Dress with Cape Rhinestone Wonder Woman, Red, Small Costume","Clothing, Shoes & Jewelry | Costumes & Accessories | Women | Costumes & Cosplay Apparel | Costumes",135674.19,7.2
671cf7d6-ed8d-4055-b6bf-276d581084f3,"Capsule Chix Ultimix 4 Pack, 4.5 inch Small Doll with Capsule Machine Unboxing and Mix and Match Fashions and Accessories",Toys & Games | Dolls & Accessories | Dolls,28.38,3.04
5cfc4c59-33a8-4dc5-b5f5-e158a7b90da8,"Design with Vinyl Moti 1936 1 Have Fun Daycare Preschool School Kids Playroom Boy Girl Peel & Stick Wall Sticker Decal, 6 x 24"", Black",Baby Products | Nursery | Décor | Wall Décor | Stickers,17.94,3.52
784815b2-ec00-406b-989c-42c825263726,Hot Wheels Tidy Town Storage Car,Toys & Games | Play Vehicles | Die-Cast Vehicles,84960.0,1.0
743c2dd5-7ba5-4fdd-b53e-17d982cff208,"Noch 26929 Snow Fir Trees 5-9Cm 5/ H0,Tt Scale Model Kit",Toys & Games | Hobbies | Trains & Accessories | Accessories,730719280.72,0.64
59cbd091-642b-44a9-b6ca-b9cbd28dba28,"HMS Unisex-Adult's Supersoft Junior Dragon Tail-GN, Green, One Size",,15.0,2.88
393efdc9-0bc3-447b-b888-ea837b75c209,Rubie's Costume Nomi Boxy Girls Child Costume,,135441.88,1.0
02a5ff76-eef7-4d8c-9b36-b52b41ed8987,Smash Up: Monster Smash,Toys & Games | Games & Accessories | Board Games,18.0,12.8
1c0fb70d-c4da-4dd4-9657-5e93c1dde4a1,"Paw Patrol Plush Pup Pals, Rubble",Toys & Games | Stuffed Animals & Plush Toys | Stuffed Animals & Teddy Bears,10.94,3.2
5e04e53c-2f38-4912-8f12-c49118d62609,Old Soles Kid's Gabrielle Mary Jane,"Clothing, Shoes & Jewelry | Girls | Shoes | Flats",44.0,2.0
528c5ee4-0f39-4382-a35c-6b8ec3499512,Italeri WW2 British 8th Army (#6077),Toys & Games | Hobbies | Models & Model Kits | Model Kits | Figure Kits,19.19,2.88
fafd7c21-825b-4018-add4-6d727f9d049a,AMERICAN GREETINGS Rainbow Latex Balloons| Pack of 20 | Party Decor,Home & Kitchen | Home Décor | Candles & Holders | Candles | Specialty Candles | Birthday Candles,10.17,1.6
fb889414-fb13-4aef-a58e-a2fd38b1c496,RPM 73162 Axle Carriers Black 1/16 Traxxas Black,Toys & Games | Hobbies | Remote & App Controlled Vehicles & Parts | Remote & App Controlled Vehicle Parts | Power Plant & Driveline Systems | Axles,1026.21,
30e7a48f-69b2-43d8-9e39-580ea444560f,Learning Resources SnapnLearn Number Bugs,Toys & Games | Learning & Education | Counting & Math Toys,18.99,1.3
e8e72f4b-9649-414c-9282-c09c9b079417,"Perplexus Revolution Runner, Motorized Perpetual Motion 3D Maze Game, for Ages 9 and Up",Toys & Games | Puzzles | Brain Teasers,41.41,2.2
7e2f2c24-99d0-412b-be8e-d6de68f4f166,"Tamiya TAM58547 The Midnight Pumpkin, Black Edition 1/12 Monster Truck Kit, Brown",Toys & Games | Hobbies | Remote & App Controlled Vehicles & Parts | Remote & App Controlled Vehicles | Cars,160.2,5.38
5790c130-08d4-482b-a357-58b06d8ffaa1,"Miniland Educational - 12.63'' Anatomically Correct Newborn Baby Doll, Asian Boy",Toys & Games | Dolls & Accessories | Dolls,2050458236.64,11.2
3c143454-3199-44cb-88ef-65cfa7e150ef,Rawlings Sporting Goods Senior Velo Sized Softball Helmet,Sports & Outdoors | Sports & Fitness | Team Sports | Baseball | Protective Gear | Batting Helmets,41.63,2.8
ed833c74-226f-47b9-adba-7bc27b2160f9,"Tachikara. STMB Tetherball, Lime Green/Blue/Orange",Sports & Outdoors | Sports & Fitness | Leisure Sports & Game Room | Outdoor Games & Activities | Balls | Playground Balls,15.19,8.8
eb9c42e4-0cd0-409a-a499-e9eb623205f7,"Nino Percussion Plastic Egg Shaker Set, 4 Pieces - For Classroom Music or Playing at Home, 2-YEAR WARRANTY (NINOSET540)",Musical Instruments | Drums & Percussion | Hand Percussion | Folk & World | Maracas & Shakers | Shakers,77421.88,
f359513f-b6ec-4dbf-981c-d78647b90788,Educational Insights Geosafari Jr. Butterfly Bungalow: Life Science Introduction & STEM Learning,Toys & Games | Learning & Education,10.92,10.4
86e7605c-e410-44bb-b136-f04c992fd3c7,HearthSong Cozy Posy HugglePod Hangout Hanging Play Tent Special with Crescent Stand,Toys & Games | Sports & Outdoor Play | Play Tents & Tunnels,349.0,20.9
1a79cc31-65bb-445c-be4e-7f5950880392,"Losi HD On/Off Switch w/20AWG Wre&Gld PlatedPlugs5IVE-T, LOSB0897",Hobbies | Remote & App Controlled Vehicles & Parts | Remote & App Controlled Vehicle Parts | Power Plant & Driveline Systems | Electric Motors & Parts,15.99,0.8
fcb1eff1-daa8-4e0c-9f92-9fc279cee17d,"Educational Insights Hot Dots Jr. Let's Master Pre-K Reading Set with Ace Pen, Ages 4 and Up, (100 Self-Checking Lessons)",Toys & Games | Learning & Education | Electronic Learning Products,73335.57,1.1
0dc6679c-e1d8-4450-b4bb-20d9cf8ed64d,Dr. Brown's Learning Loop Infant Teether with Multi-Textured Design,"Baby Products | Baby Care | Pacifiers, Teethers & Teething Relief | Teethers",212988640.31,2.4
d33b3c8f-1053-440d-bc5a-0bf9f6c2aafc,"Rubie's Marvel Avengers: Endgame Child's Deluxe Falcon, Medium",Toys & Games | Dress Up & Pretend Play | Costumes,25.17,1.18
c92cfd78-cdfd-4545-887f-750ed922ec9f,Premium Heavy Weight Assorted Cutlery | Marine Blue | Pack of 24 | Party Supply,"Health & Household | Household Supplies | Paper & Plastic | Disposable Plates, Bowls & Cutlery",3.99,1.6
267be316-1618-467d-b4d0-6aa60ac583fc,"Darice BB0049S, 12 Piece, Ty Beanie Boos Sticker Set, Girly Wiggle Eyes",Toys & Games | Arts & Crafts | Stickers,7869.28,
7a493f04-dbb0-43aa-a388-91297414abb6,"8-Count Round Paper Dessert Plates, Shark Splash","Health & Household | Household Supplies | Paper & Plastic | Disposable Plates, Bowls & Cutlery | Plates",31307.76,
bb2ceff1-dc80-4f3d-b99c-bc29414c324b,"Didax Problem Solving Practice Cards, Grade 3",Toys & Games | Learning & Education | Counting & Math Toys,14.91,1.16
dad98baf-c225-4215-9305-503915aaf50a,"Melissa & Doug Deluxe Scissor Skills Activity Book with 2 Pairs of Child-Safe Scissors, 20 Pages (E-Commerce Packaging, Great Gift for Girls & Boys - Best for 4, 5, 6, & 7 Year Olds)",Toys & Games | Arts & Crafts | Craft Kits | Paper Craft,14.99,13.0
a32e7b86-5fd8-4cf1-b361-aaba2c603137,Anatolian 500Piece Jigsaw Puzzle - Coloring Penguin Family Jigsaw Puzzle,Toys & Games | Puzzles | Jigsaw Puzzles,18.22,14.9
b15d681f-e767-46f2-bbfc-8040e3204959,GoPro Karma Replacement Landing Gear (GoPro Official Accessory),,49.99,14.4
64da07fb-a169-4ed6-a54a-0e0eb35b7523,Alex Bath People Block Squirters Kids Bath Toy,Toys & Games | Baby & Toddler Toys | Bath Toys,948317194.24,2.35
e3bf1426-2efe-4af7-81bf-ebb2d56e3aa8,Legendary A Marvel Deck Building Deadpool Expansion Board Game,Toys & Games | Games & Accessories | Board Games,14119.2,8.0
1c7d5f31-6089-428f-a8db-8d7694d66df2,MightySkins Skin Compatible with Blade 200QX Quadcopter Drone wrap Cover Sticker Skins Weed,Toys & Games | Hobbies | Remote & App Controlled Vehicles & Parts | Remote & App Controlled Vehicle Parts,130952.64,1.0
5320c889-fdc8-4c14-b0f1-b5c9347a4661,Papo Alligator,Toys & Games | Toy Figures & Playsets | Action Figures,7.73,2.72
b0065ce6-71bc-401a-bdda-18562c671cdb,Skybound Horizon 11X18ft Rectangle Trampoline with Safety Enclosure and Ladder,Sports & Outdoors | Sports & Fitness | Leisure Sports & Game Room | Trampolines & Accessories | Trampolines,799.95,850.0
7afa6da2-760c-48ef-aa1a-502d36decdd1,"Q WORKSHOP Call of Cthulhu: Black and Green Dice, Set of 7",Toys & Games | Games & Accessories | Game Accessories | Role Playing Dice,120996.72,2.4
dfa047b7-f9c3-42af-870d-714549c5fbd8,Ubisoft Six Collection Figure - Montagne,,33242.4,3.36
aae35cea-8c43-44e4-85b4-76eabd4aa65e,"Nautical Boys 1st Birthday Beverage Napkins, 16ct",,108406181.6,1.44
4ae9e3d8-17ee-4830-9522-d9c1b8937c81,Baby GUND My Little Igloo Stuffed Plush Playset,Toys & Games | Stuffed Animals & Plush Toys | Stuffed Animals & Teddy Bears,18.46,4.8
869f9025-9b9b-4991-82b3-ba87b4647c1f,"TEAM LOSI RACING HD Open Ball Cup Set: All 22, TLR234078",Toys & Games | Play Vehicles | Vehicle Playsets,11.99,0.8
2a6ef1f7-8d4d-4428-b4fb-8eb0bbf75b4b,Licenses Products Grateful Dead Psycle Sam Sticker,Toys & Games | Arts & Crafts | Stickers,4.99,6.4
bef41ab4-70a6-4e1e-a312-9c4eda876ffe,"Nuby Cartoon Animal Rattle Teether Toy, Kitty Cat, 5""",Baby Products | Gifts | Keepsakes | Keepsake Rattles,46106.04,3.8
7af8759e-6d67-4e19-b2f9-3bcd7649c1c6,"Jada DC Comics Bombshells Supergirl & 1956 Ford F100 DIE-CAST Car, 1: 24 Scale Vehicle & 2.75"" Collectible Figurine 100% Metal",Toys & Games | Hobbies | Models & Model Kits | Pre-Built & Diecast Models | Vehicles,1079725369.36,1.8
a6bfdca2-fe79-41ce-8543-b64ea3039299,FanWraps Star Wars Resistance Droids Passenger Series Window Decal,,136791.57,5.0
d004e977-7261-44a7-a43b-57dacdc6b6ce,"Marvel Deadpool, ""Tough Guy"" Micro Raschel Throw Blanket, 46"" x 60"", Multi Color",Home & Kitchen | Bedding | Kids' Bedding | Blankets & Throws,23.7,1.25
2b98f13b-96f0-4792-bfe2-ea412883e68f,3B Scientific U10351 Interferometer Accessory Kit,Toys & Games | Learning & Education | Science Kits & Toys,17830920628.0,14.4
1f313b53-a941-4323-ba5c-76404b490331,MightySkins Skin Compatible with Razor Hovertrax 2.0 Hover Board Self-Balancing Smart Scooter wrap Cover Sticker Skins Dolphin,"Sports & Outdoors | Outdoor Recreation | Skates, Skateboards & Scooters | Scooters & Equipment | Accessories",553.48,1.0
a1c4ad23-36e2-44e9-971e-41e458e93b53,"amscan St. Patrick's Day Striped Green Fabric Leg Warmers, 1 Pair | Party Accessory","Clothing, Shoes & Jewelry | Novelty & More | Clothing | Novelty | Women | Socks & Hosiery | Leg Warmers",13.99,1.6
e73bcf48-b6aa-45a2-b322-04f1b65dc8e1,McFarlane Toys Five Nights at Freddy's Backstage 'Classic Series' Medium Construction Set,Toys & Games | Building Toys,21.99,1.0
09914bf3-9049-4c2e-8a62-2725fe26db51,Rubie's - Star Wars Girls X-Wing Fighter Girl Costume,"Clothing, Shoes & Jewelry | Costumes & Accessories | Women | Costumes & Cosplay Apparel | Costumes",77377536.0,14.1
174ccab3-0f96-423f-bec3-75e0df07b4e0,4M Magical Animal Rock Painting DIY Craft Kit,Toys & Games | Arts & Crafts | Craft Kits,14.99,2.0
b2d270ce-55ba-4ad9-865e-010610e3e791,Jonti-Craft 10 Cubbie-Tray Mobile Unit with Clear Trays,"Home & Kitchen | Furniture | Kids' Furniture | Bookcases, Cabinets & Shelves",288.48,67.0
6170e113-e7a1-40af-8b86-d991769d2492,Buffalo Games - Travel The USA - 300 Large Piece Jigsaw Puzzle,Toys & Games | Puzzles | Jigsaw Puzzles,210397174.79,13.1
4f84331a-df9c-4c87-b8e7-a100e3818836,ALEX Spa Nail `Pressions - 2 Dye 4,Toys & Games | Arts & Crafts | Craft Kits,42281.33,0.32
16306020-e5cb-4d6a-af86-f06ee08bd968,Zombicide: Invader: Deck Holders Set,Toys & Games | Games & Accessories | Card Games,14.97,2.88
d582fa3c-54f7-49a8-adb1-39c9cd5c09ff,Forum Novelties Women's Big Baby Oversized Costume Bib and Bonnet Set,,10.0,1.0
4fe7053b-8a2c-4a98-b27c-a0e03f09caa3,Hazelnut Chipmunk Family,Toys & Games | Toy Figures & Playsets | Playsets & Vehicles | Playsets,8865483.84,4.8
3e36f34f-3826-4576-b113-0947777149d8,Super Wings – Advent Calendar | Countdown Calendar with Exclusive Characters & Accessories | 24 Gifts Included,,15.99,1.3
eecbd3b9-0892-471b-90f5-6bf56595905d,"The Kids Room by Stupell I Love You to The Moon and Back On Pink with White Border Rectangle Wall Plaque, 11 x 0.5 x 15, Proudly Made in USA",Baby Products | Nursery | Décor | Wall Décor | Wall Plaques,23.56,2.65
84693ef2-c9fe-44fd-b282-e3b52341fe45,Adventure Time Card Wars Sleeve Jake,Toys & Games | Games & Accessories | Card Games,2572500.0,3.2
0d049cd6-9243-4900-aeba-d2a8574051fa,"Tektrum 3 Piece 3pc Duvet Cover Set with Button Enclosure - 1800 Supreme Collection Super Soft Hotel Luxury Top Quality Durable 100 GSM Brushed Microfiber, Wrinkle & Fade Resistant - Grey, Queen Size",Home & Kitchen | Bedding | Kids' Bedding,22.82,3.1
a8ff9e7b-4607-43dd-93be-494eae5e3497,"Rubie's Deluxe Princess Emma Costume, Teal, Toddler",Toys & Games | Dress Up & Pretend Play | Costumes,10.75,1.45
7fb70dad-4bd2-4005-ade7-5a1edc0af9b2,Ultimate Guard Deck Box: Sidewinder 80+ ChromiaSkin Red,Toys & Games | Collectible Toys | Collectible Display & Storage | Card Storage & Display | Cases,19.14,5.0
eeaf2911-fcc4-4926-9ac9-fde2333587f3,Mudpuppy Dog Days Jumbo Puzzle,Toys & Games | Puzzles | Jigsaw Puzzles,14.99,1.54
a5c912f4-47c9-40ac-b38c-a29149fe9ed5,"Bepuzzled Original 3D Crystal Puzzle - Apple, Green - Fun yet challenging brain teaser that will test your skills and imagination, For Ages 12+",Toys & Games | Puzzles | Brain Teasers,1130904528849.92,8.8
33ff20e9-f3c5-416c-a34c-e2296e694316,"Diamond Select Toys Lost in Space Dr. Smith and B9 Robot Minimates, 2-Pack",,33820.9,2.4
89a591f8-2bb2-4561-92ee-09c8853d95ed,Disney Tsum Tsum Lights & Sounds Goofy Plush,Toys & Games | Stuffed Animals & Plush Toys,12.99,5.6
acdc2b1d-441e-45df-9905-e59d70acf910,"Perler 80-22860 Instruction Pad for Fuse Beads, 86 Patterns, Summertime Fun Piece","Arts, Crafts & Sewing | Beading & Jewelry Making | Beading Supplies | Fuse & Perler Beads",796.67,6.1
0f867bec-00bc-485d-a14e-e2502a71a410,"girlzndollz Toddler Doll, Pink",Toys & Games | Dolls & Accessories | Dolls,16.46,8.8
f0082e8a-256d-4f00-8cf9-cb8432377c77,Great Eastern Entertainment Hetalia World Series England Spiral Notebook,"Toys & Games | Learning & Education | Reading & Writing | Diaries, Journals & Notebooks",7.36,0.32
5dd874d2-4b59-4efb-abe3-5fbd8ef54de3,INK+IVY Kids Luna Comforter Set,Home & Kitchen | Bedding | Kids' Bedding | Comforters & Sets | Comforter Sets,53.35,7.55
9b8462a5-bf3b-4ca0-91ba-522991898478,Hot Racing WRA08AR01 Adjustable Rear Upper 4-Link Mount - AR60 Yeti Wraith Ax10,Toys & Games | Hobbies | Remote & App Controlled Vehicles & Parts | Remote & App Controlled Vehicle Parts,23.88,0.32
bdf28d41-9456-40a9-b3c6-791e925921e6,"SIMILKY Remote Control Car, 4WD RC Stunt Car Rotate 360 Double Sided Race RC Car Maketheone Electric Stunt Rock Crawler Unstoppable RTR Buggy High Speed Rc Trucks (Green)",Toys & Games | Hobbies | Models & Model Kits | Model Kits,75668.95,1.05
182108f8-fa47-4f9c-b23d-56676de6617f,"Team Associated 9892 12mm Aluminum Clamping Wheel Hex, Rear",Toys & Games | Hobbies | Remote & App Controlled Vehicles & Parts | Remote & App Controlled Vehicle Parts | Wheels & Tires | Wheel Hubs,42871.99,
9e279521-2d50-45a2-8d8a-65b9eb535d3e,"Babydoll Gingham Window Valance, Lavender",Baby Products | Nursery | Décor | Window Treatments | Valances,26.81,2.4
7554fb51-782b-4a8a-86d6-5af0d4c97fe4,"Eugene Textiles Disney Dumbo: in The Circus Fat Quarter Bundle 12 Pcs, Multi Each",,6.99,1.2
fd757ab3-cd85-4e1f-b82d-df6c3ce6f92a,"Pop The Pig Pop N Race, Kids Game",Toys & Games | Games & Accessories | Board Games,9.74,10.4
3f521593-6a35-4498-96eb-953783c2e6ff,Rainbow Fluffies Leg Warmers,"Clothing, Shoes & Jewelry | Costumes & Accessories | Kids & Baby | Girls | Costumes",15.17,7.2
641f361d-1678-438a-8ec2-30403b6753a3,"MightySkins Skin Compatible With DJI Goggles – Cork | Protective, Durable, and Unique Vinyl Decal wrap cover | Easy To Apply, Remove, and Change Styles | Made in the USA",Toys & Games | Hobbies | Remote & App Controlled Vehicles & Parts | Remote & App Controlled Vehicles | Quadcopters & Multirotors,19.99,0.96
1a5da0bf-4fb5-4ecf-9495-fc20c527971f,Buffalo Games - Pokémon Bubble - 500 Piece Jigsaw Puzzle,Toys & Games | Puzzles | Jigsaw Puzzles,10.99,13.6
e5a70320-9ee8-4e5f-874b-92c9e1ceaa6a,"""UglyDolls Movie"" Clear Treat Bags w/Header Cards, 40 Pc.",Toys & Games | Party Supplies | Party Favors,170886817.44,7.2
eab57c7a-7ad3-4e4c-a5c3-84b239d105bc,Funko Pop Movies: Fantastic Beasts 2 Crimes of Grindelwald - Chupacabra,,63552375.04,4.8
706a20ec-8e38-48ee-9053-332b62c0657f,Elenco 100 Capacitor Component Kit - CAPK-100,Toys & Games | Learning & Education | Science Kits & Toys,14.74,1.6
4fb08441-6653-48e9-bdc2-a12f0d5c2065,Elenco Digital Roulette Kit | Lead Free Solder | Great STEM Project | SOLDERING REQUIRED,Toys & Games | Learning & Education | Science Kits & Toys,14.57,5.6
2cda3e4e-8db3-4787-811e-21fc3e8dc06c,"LeapFrog Dino's Delightful Day Alphabet Book, Green",Toys & Games | Learning & Education | Science Kits & Toys,18.99,2.45
8a50cb6b-f5db-4122-a11e-0b62fa3348f3,"Forum Novelties Toy Maker Elf Child's Costume, Large",Toys & Games | Party Supplies,21.99,1.45
98d8cd25-30c5-4e8a-97d6-fb3926bbb9ab,"Trend Lab Orchid Bloom Storage Caddy - Nursery Essential and Organizer, Purple/White",Baby Products | Nursery | Furniture | Storage & Organization | Hampers,17.99,9.6
